product_id,name,category,total_units_sold,daily_sales_rate,current_stock,days_of_supply_remaining,inventory_status
PROD0380,"CoreBrand Sports Item 380","Sports & Outdoors",204,0.19,1,5,"Critical - Stockout Risk"
PROD0179,"ClearView Beauty Item 179","Beauty & Health",265,0.24,2,8,"Low Stock"
PROD0245,"PrimeLine Clothing Item 245",Clothing,288,0.27,2,8,"Overstock/ Slow moving"
PROD0279,"ZenLife Clothing Item 279",Clothing,257,0.24,2,8,"Low Stock"
PROD0351,"PrimeLine Electronics Item 351",Electronics,267,0.25,2,8,"Overstock/ Slow moving"
PROD0402,"CoreBrand Beauty Item 402","Beauty & Health",416,0.38,3,8,"Overstock/ Slow moving"
PROD0440,"PureForm Electronics Item 440",Electronics,260,0.24,2,8,"Low Stock"
PROD0117,"ZenLife Toys Item 117","Toys & Games",357,0.33,3,9,"Low Stock"
PROD0202,"FunZone Electronics Item 202",Electronics,493,0.46,4,9,"Low Stock"
PROD0211,"PureForm Toys Item 211","Toys & Games",367,0.34,3,9,"Low Stock"
PROD0216,"CoreBrand Electronics Item 216",Electronics,841,0.77,7,9,"Low Stock"
PROD0236,"StyleCo Electronics Item 236",Electronics,231,0.22,2,9,"Low Stock"
PROD0241,"PureForm Books Item 241",Books,469,0.43,4,9,"Low Stock"
PROD0254,"NovaTech Clothing Item 254",Clothing,235,0.22,2,9,"Low Stock"
PROD0263,"PureForm Sports Item 263","Sports & Outdoors",233,0.22,2,9,"Low Stock"
PROD0414,"CoreBrand Sports Item 414","Sports & Outdoors",377,0.35,3,9,"Low Stock"
PROD0429,"FunZone Clothing Item 429",Clothing,368,0.34,3,9,"Low Stock"
PROD0491,"ClearView Books Item 491",Books,474,0.44,4,9,"Low Stock"
PROD0498,"ZenLife Clothing Item 498",Clothing,249,0.23,2,9,"Low Stock"
PROD0201,"ActiveGear Electronics Item 201",Electronics,224,0.21,2,10,"Low Stock"
PROD0257,"NovaTech Home Item 257","Home & Kitchen",326,0.30,3,10,"Low Stock"
PROD0308,"NexGen Sports Item 308","Sports & Outdoors",419,0.38,4,10,"Low Stock"
PROD0479,"NexGen Home Item 479","Home & Kitchen",317,0.30,3,10,"Low Stock"
PROD0073,"HomePro Clothing Item 73",Clothing,413,0.38,4,11,"Low Stock"
PROD0097,"HomePro Clothing Item 97",Clothing,298,0.28,3,11,"Low Stock"
PROD0198,"PrimeLine Electronics Item 198",Electronics,291,0.27,3,11,"Low Stock"
PROD0268,"NexGen Electronics Item 268",Electronics,302,0.28,3,11,"Low Stock"
PROD0277,"CoreBrand Electronics Item 277",Electronics,512,0.47,5,11,"Low Stock"
PROD0298,"PureForm Home Item 298","Home & Kitchen",487,0.45,5,11,"Low Stock"
PROD0358,"ZenLife Home Item 358","Home & Kitchen",479,0.44,5,11,"Low Stock"
PROD0418,"NexGen Books Item 418",Books,588,0.54,6,11,"Low Stock"
PROD0426,"StyleCo Clothing Item 426",Clothing,300,0.28,3,11,"Low Stock"
PROD0494,"NexGen Clothing Item 494",Clothing,391,0.37,4,11,"Low Stock"
PROD0011,"NovaTech Beauty Item 11","Beauty & Health",528,0.48,6,12,"Low Stock"
PROD0060,"NovaTech Clothing Item 60",Clothing,358,0.33,4,12,"Low Stock"
PROD0264,"ActiveGear Clothing Item 264",Clothing,827,0.75,9,12,"Low Stock"
PROD0312,"ZenLife Beauty Item 312","Beauty & Health",281,0.26,3,12,"Low Stock"
PROD0345,"ClearView Electronics Item 345",Electronics,282,0.26,3,12,"Low Stock"
PROD0374,"NexGen Clothing Item 374",Clothing,281,0.26,3,12,"Low Stock"
PROD0415,"HomePro Beauty Item 415","Beauty & Health",2456,2.24,28,12,"Low Stock"
PROD0477,"NexGen Toys Item 477","Toys & Games",267,0.24,3,12,"Low Stock"
PROD0496,"PureForm Home Item 496","Home & Kitchen",665,0.61,7,12,"Low Stock"
PROD0008,"PrimeLine Beauty Item 8","Beauty & Health",245,0.23,3,13,"Low Stock"
PROD0112,"BoldEdge Toys Item 112","Toys & Games",344,0.32,4,13,"Low Stock"
PROD0185,"PureForm Electronics Item 185",Electronics,323,0.30,4,13,"Low Stock"
PROD0364,"StyleCo Home Item 364","Home & Kitchen",250,0.23,3,13,"Low Stock"
PROD0375,"BoldEdge Home Item 375","Home & Kitchen",584,0.54,7,13,"Low Stock"
PROD0393,"HomePro Electronics Item 393",Electronics,250,0.23,3,13,"Low Stock"
PROD0457,"NovaTech Home Item 457","Home & Kitchen",323,0.30,4,13,"Low Stock"
PROD0461,"ActiveGear Books Item 461",Books,240,0.22,3,13,"Low Stock"
PROD0470,"GlowUp Clothing Item 470",Clothing,419,0.39,5,13,"Low Stock"
PROD0057,"FunZone Clothing Item 57",Clothing,316,0.29,4,14,"Low Stock"
PROD0255,"BoldEdge Home Item 255","Home & Kitchen",529,0.49,7,14,"Low Stock"
PROD0313,"NexGen Beauty Item 313","Beauty & Health",1157,1.06,15,14,"Low Stock"
PROD0347,"HomePro Clothing Item 347",Clothing,770,0.71,10,14,"Low Stock"
PROD0467,"FunZone Home Item 467","Home & Kitchen",1691,1.55,21,14,"Low Stock"
PROD0040,"PrimeLine Electronics Item 40",Electronics,288,0.27,4,15,"Low Stock"
PROD0068,"PureForm Electronics Item 68",Electronics,737,0.68,10,15,"Low Stock"
PROD0143,"StyleCo Electronics Item 143",Electronics,366,0.33,5,15,"Low Stock"
PROD0161,"ClearView Toys Item 161","Toys & Games",277,0.26,4,15,"Low Stock"
PROD0195,"GlowUp Sports Item 195","Sports & Outdoors",2520,2.30,35,15,"Low Stock"
PROD0295,"ActiveGear Sports Item 295","Sports & Outdoors",355,0.33,5,15,"Low Stock"
PROD0487,"NovaTech Clothing Item 487",Clothing,633,0.58,9,15,"Low Stock"
PROD0275,"ClearView Books Item 275",Books,263,0.25,4,16,"Low Stock"
PROD0448,"CoreBrand Home Item 448","Home & Kitchen",261,0.24,4,16,"Low Stock"
PROD0048,"FunZone Beauty Item 48","Beauty & Health",451,0.42,7,17,"Low Stock"
PROD0095,"ClearView Electronics Item 95",Electronics,254,0.23,4,17,"Low Stock"
PROD0154,"PureForm Toys Item 154","Toys & Games",455,0.42,7,17,"Low Stock"
PROD0157,"BoldEdge Books Item 157",Books,251,0.23,4,17,"Low Stock"
PROD0192,"NexGen Electronics Item 192",Electronics,369,0.34,6,17,"Low Stock"
PROD0326,"ReadMore Home Item 326","Home & Kitchen",523,0.48,8,17,"Low Stock"
PROD0436,"ZenLife Beauty Item 436","Beauty & Health",251,0.23,4,17,"Low Stock"
PROD0481,"ActiveGear Home Item 481","Home & Kitchen",626,0.58,10,17,"Low Stock"
PROD0025,"ActiveGear Toys Item 25","Toys & Games",236,0.22,4,18,"Low Stock"
PROD0034,"ClearView Toys Item 34","Toys & Games",301,0.28,5,18,"Low Stock"
PROD0044,"GlowUp Home Item 44","Home & Kitchen",602,0.55,10,18,"Low Stock"
PROD0083,"HomePro Books Item 83",Books,245,0.23,4,18,"Low Stock"
PROD0131,"ActiveGear Electronics Item 131",Electronics,358,0.33,6,18,"Low Stock"
PROD0170,"CoreBrand Books Item 170",Books,742,0.68,12,18,"Low Stock"
PROD0377,"StyleCo Clothing Item 377",Clothing,361,0.34,6,18,"Low Stock"
PROD0383,"CoreBrand Clothing Item 383",Clothing,240,0.22,4,18,"Low Stock"
PROD0500,"FunZone Beauty Item 500","Beauty & Health",431,0.40,7,18,"Low Stock"
PROD0002,"PrimeLine Clothing Item 2",Clothing,290,0.27,5,19,"Low Stock"
PROD0007,"NexGen Books Item 7",Books,220,0.21,4,19,"Low Stock"
PROD0166,"HomePro Books Item 166",Books,337,0.31,6,19,"Low Stock"
PROD0342,"ActiveGear Clothing Item 342",Clothing,284,0.26,5,19,"Low Stock"
PROD0346,"GlowUp Electronics Item 346",Electronics,222,0.21,4,19,"Low Stock"
PROD0352,"PrimeLine Books Item 352",Books,513,0.47,9,19,"Low Stock"
PROD0158,"StyleCo Sports Item 158","Sports & Outdoors",322,0.30,6,20,"Low Stock"
PROD0059,"BoldEdge Clothing Item 59",Clothing,258,0.24,5,21,"Low Stock"
PROD0309,"NovaTech Clothing Item 309",Clothing,305,0.28,6,21,"Low Stock"
PROD0428,"NovaTech Electronics Item 428",Electronics,251,0.23,5,21,"Low Stock"
PROD0032,"ReadMore Beauty Item 32","Beauty & Health",599,0.55,12,22,"Low Stock"
PROD0070,"ZenLife Electronics Item 70",Electronics,394,0.36,8,22,"Low Stock"
PROD0081,"CoreBrand Sports Item 81","Sports & Outdoors",501,0.46,10,22,"Low Stock"
PROD0087,"NexGen Toys Item 87","Toys & Games",698,0.65,14,22,"Low Stock"
PROD0110,"PureForm Beauty Item 110","Beauty & Health",537,0.49,11,22,"Low Stock"
PROD0172,"HomePro Books Item 172",Books,737,0.68,15,22,"Low Stock"
PROD0191,"ActiveGear Clothing Item 191",Clothing,303,0.28,6,22,"Low Stock"
PROD0259,"CoreBrand Electronics Item 259",Electronics,295,0.27,6,22,"Low Stock"
PROD0340,"ClearView Beauty Item 340","Beauty & Health",353,0.32,7,22,"Low Stock"
PROD0407,"GlowUp Clothing Item 407",Clothing,500,0.46,10,22,"Low Stock"
PROD0416,"NovaTech Clothing Item 416",Clothing,553,0.51,11,22,"Low Stock"
PROD0419,"NovaTech Home Item 419","Home & Kitchen",546,0.50,11,22,"Low Stock"
PROD0425,"ZenLife Home Item 425","Home & Kitchen",298,0.28,6,22,"Low Stock"
PROD0474,"NovaTech Beauty Item 474","Beauty & Health",393,0.36,8,22,"Low Stock"
PROD0006,"ReadMore Beauty Item 6","Beauty & Health",225,0.22,5,23,"Low Stock"
PROD0018,"NovaTech Toys Item 18","Toys & Games",326,0.30,7,23,"Low Stock"
PROD0058,"ActiveGear Clothing Item 58",Clothing,619,0.57,13,23,"Low Stock"
PROD0077,"ReadMore Home Item 77","Home & Kitchen",233,0.22,5,23,"Low Stock"
PROD0180,"ClearView Sports Item 180","Sports & Outdoors",1507,1.38,32,23,"Low Stock"
PROD0232,"NexGen Clothing Item 232",Clothing,281,0.26,6,23,"Low Stock"
PROD0246,"GlowUp Clothing Item 246",Clothing,932,0.85,20,23,"Low Stock"
PROD0304,"FunZone Electronics Item 304",Electronics,325,0.30,7,23,"Low Stock"
PROD0329,"NovaTech Clothing Item 329",Clothing,240,0.22,5,23,"Low Stock"
PROD0361,"GlowUp Electronics Item 361",Electronics,323,0.30,7,23,"Low Stock"
PROD0042,"NexGen Electronics Item 42",Electronics,218,0.21,5,24,"Low Stock"
PROD0051,"PrimeLine Clothing Item 51",Clothing,398,0.37,9,24,"Low Stock"
PROD0114,"PrimeLine Electronics Item 114",Electronics,546,0.51,12,24,"Low Stock"
PROD0124,"FunZone Electronics Item 124",Electronics,321,0.29,7,24,"Low Stock"
PROD0249,"HomePro Books Item 249",Books,226,0.21,5,24,"Low Stock"
PROD0270,"ActiveGear Home Item 270","Home & Kitchen",358,0.33,8,24,"Low Stock"
PROD0316,"ZenLife Toys Item 316","Toys & Games",268,0.25,6,24,"Low Stock"
PROD0321,"StyleCo Toys Item 321","Toys & Games",678,0.62,15,24,"Low Stock"
PROD0024,"CoreBrand Toys Item 24","Toys & Games",347,0.32,8,25,"Low Stock"
PROD0061,"HomePro Beauty Item 61","Beauty & Health",484,0.45,11,25,"Low Stock"
PROD0116,"NexGen Clothing Item 116",Clothing,524,0.48,12,25,"Low Stock"
PROD0122,"NexGen Electronics Item 122",Electronics,262,0.24,6,25,"Low Stock"
PROD0127,"FunZone Electronics Item 127",Electronics,399,0.37,9,25,"Low Stock"
PROD0135,"ActiveGear Electronics Item 135",Electronics,563,0.52,13,25,"Low Stock"
PROD0177,"BoldEdge Clothing Item 177",Clothing,302,0.28,7,25,"Low Stock"
PROD0217,"ActiveGear Clothing Item 217",Clothing,297,0.28,7,25,"Low Stock"
PROD0262,"FunZone Clothing Item 262",Clothing,385,0.36,9,25,"Low Stock"
PROD0293,"NovaTech Beauty Item 293","Beauty & Health",336,0.31,8,25,"Low Stock"
PROD0366,"PureForm Books Item 366",Books,350,0.32,8,25,"Low Stock"
PROD0409,"ClearView Clothing Item 409",Clothing,258,0.24,6,25,"Low Stock"
PROD0442,"PureForm Toys Item 442","Toys & Games",263,0.24,6,25,"Low Stock"
PROD0490,"NexGen Electronics Item 490",Electronics,254,0.24,6,25,"Low Stock"
PROD0150,"PureForm Electronics Item 150",Electronics,451,0.43,11,26,"Low Stock"
PROD0190,"PrimeLine Home Item 190","Home & Kitchen",205,0.19,5,26,"Low Stock"
PROD0208,"ReadMore Electronics Item 208",Electronics,285,0.26,7,26,"Low Stock"
PROD0292,"ZenLife Toys Item 292","Toys & Games",248,0.23,6,26,"Low Stock"
PROD0336,"PrimeLine Books Item 336",Books,1267,1.16,30,26,"Low Stock"
PROD0394,"ActiveGear Toys Item 394","Toys & Games",290,0.27,7,26,"Low Stock"
PROD0422,"ReadMore Electronics Item 422",Electronics,339,0.31,8,26,"Low Stock"
PROD0056,"GlowUp Books Item 56",Books,411,0.38,10,27,"Low Stock"
PROD0138,"CoreBrand Books Item 138",Books,481,0.45,12,27,"Low Stock"
PROD0147,"FunZone Home Item 147","Home & Kitchen",273,0.26,7,27,"Low Stock"
PROD0302,"PrimeLine Electronics Item 302",Electronics,362,0.33,9,27,"Low Stock"
PROD0323,"ActiveGear Home Item 323","Home & Kitchen",796,0.73,20,27,"Low Stock"
PROD0373,"ClearView Clothing Item 373",Clothing,327,0.30,8,27,"Low Stock"
PROD0387,"PureForm Sports Item 387","Sports & Outdoors",273,0.26,7,27,"Low Stock"
PROD0492,"PureForm Clothing Item 492",Clothing,485,0.45,12,27,"Low Stock"
PROD0497,"NexGen Clothing Item 497",Clothing,236,0.22,6,27,"Low Stock"
PROD0039,"PrimeLine Toys Item 39","Toys & Games",272,0.25,7,28,"Low Stock"
PROD0105,"FunZone Clothing Item 105",Clothing,231,0.22,6,28,"Low Stock"
PROD0107,"NexGen Clothing Item 107",Clothing,1240,1.13,32,28,"Low Stock"
PROD0118,"PrimeLine Beauty Item 118","Beauty & Health",348,0.32,9,28,"Low Stock"
PROD0281,"PureForm Electronics Item 281",Electronics,385,0.35,10,28,"Low Stock"
PROD0283,"FunZone Home Item 283","Home & Kitchen",349,0.32,9,28,"Low Stock"
PROD0348,"ReadMore Home Item 348","Home & Kitchen",272,0.25,7,28,"Low Stock"
PROD0363,"ClearView Toys Item 363","Toys & Games",311,0.29,8,28,"Low Stock"
PROD0472,"NovaTech Home Item 472","Home & Kitchen",1370,1.25,35,28,"Low Stock"
PROD0019,"StyleCo Beauty Item 19","Beauty & Health",631,0.58,17,29,"Low Stock"
PROD0045,"GlowUp Electronics Item 45",Electronics,442,0.41,12,29,"Low Stock"
PROD0278,"ZenLife Electronics Item 278",Electronics,380,0.35,10,29,"Low Stock"
PROD0379,"BoldEdge Books Item 379",Books,383,0.35,10,29,"Low Stock"
PROD0438,"ActiveGear Toys Item 438","Toys & Games",496,0.45,13,29,"Low Stock"
PROD0480,"PureForm Sports Item 480","Sports & Outdoors",371,0.35,10,29,"Low Stock"
PROD0065,"FunZone Clothing Item 65",Clothing,294,0.27,8,30,"Low Stock"
PROD0089,"PrimeLine Electronics Item 89",Electronics,471,0.43,13,30,"Overstock/ Slow moving"
PROD0163,"PrimeLine Beauty Item 163","Beauty & Health",255,0.23,7,30,"Low Stock"
PROD0182,"ReadMore Electronics Item 182",Electronics,248,0.23,7,30,"Overstock/ Slow moving"
PROD0360,"ActiveGear Clothing Item 360",Clothing,508,0.47,14,30,"Low Stock"
PROD0459,"ReadMore Beauty Item 459","Beauty & Health",702,0.64,19,30,"Low Stock"
PROD0468,"FunZone Electronics Item 468",Electronics,833,0.76,23,30,"Overstock/ Slow moving"
PROD0036,"NovaTech Clothing Item 36",Clothing,592,0.55,17,31,"Healthy Stock"
PROD0043,"ClearView Clothing Item 43",Clothing,239,0.23,7,31,"Healthy Stock"
PROD0145,"ActiveGear Sports Item 145","Sports & Outdoors",533,0.49,15,31,"Overstock/ Slow moving"
PROD0229,"HomePro Electronics Item 229",Electronics,455,0.42,13,31,"Overstock/ Slow moving"
PROD0235,"NovaTech Clothing Item 235",Clothing,285,0.26,8,31,"Overstock/ Slow moving"
PROD0301,"FunZone Beauty Item 301","Beauty & Health",350,0.32,10,31,"Healthy Stock"
PROD0344,"PureForm Electronics Item 344",Electronics,232,0.22,7,31,"Healthy Stock"
PROD0408,"ZenLife Home Item 408","Home & Kitchen",605,0.55,17,31,"Overstock/ Slow moving"
PROD0450,"NovaTech Sports Item 450","Sports & Outdoors",244,0.23,7,31,"Overstock/ Slow moving"
PROD0074,"FunZone Electronics Item 74",Electronics,368,0.34,11,32,"Healthy Stock"
PROD0092,"FunZone Clothing Item 92",Clothing,336,0.31,10,32,"Healthy Stock"
PROD0109,"BoldEdge Clothing Item 109",Clothing,504,0.47,15,32,"Healthy Stock"
PROD0171,"GlowUp Sports Item 171","Sports & Outdoors",312,0.28,9,32,"Healthy Stock"
PROD0324,"ClearView Beauty Item 324","Beauty & Health",1489,1.36,43,32,"Healthy Stock"
PROD0372,"ActiveGear Clothing Item 372",Clothing,304,0.28,9,32,"Healthy Stock"
PROD0004,"HomePro Electronics Item 4",Electronics,524,0.48,16,33,"Healthy Stock"
PROD0091,"StyleCo Toys Item 91","Toys & Games",292,0.27,9,33,"Healthy Stock"
PROD0148,"ClearView Beauty Item 148","Beauty & Health",434,0.40,13,33,"Healthy Stock"
PROD0174,"ActiveGear Electronics Item 174",Electronics,490,0.45,15,33,"Healthy Stock"
PROD0184,"ZenLife Home Item 184","Home & Kitchen",430,0.39,13,33,"Healthy Stock"
PROD0210,"NovaTech Electronics Item 210",Electronics,326,0.30,10,33,"Healthy Stock"
PROD0220,"GlowUp Clothing Item 220",Clothing,362,0.33,11,33,"Healthy Stock"
PROD0243,"StyleCo Electronics Item 243",Electronics,232,0.22,7,33,"Healthy Stock"
PROD0354,"ActiveGear Books Item 354",Books,561,0.52,17,33,"Healthy Stock"
PROD0417,"PureForm Sports Item 417","Sports & Outdoors",230,0.22,7,33,"Healthy Stock"
PROD0420,"ReadMore Electronics Item 420",Electronics,452,0.42,14,33,"Healthy Stock"
PROD0451,"BoldEdge Clothing Item 451",Clothing,496,0.45,15,33,"Healthy Stock"
PROD0460,"ActiveGear Toys Item 460","Toys & Games",1766,1.62,54,33,"Healthy Stock"
PROD0027,"PureForm Clothing Item 27",Clothing,418,0.39,13,34,"Healthy Stock"
PROD0085,"GlowUp Sports Item 85","Sports & Outdoors",1197,1.09,37,34,"Healthy Stock"
PROD0106,"PureForm Home Item 106","Home & Kitchen",319,0.29,10,34,"Healthy Stock"
PROD0196,"NovaTech Home Item 196","Home & Kitchen",551,0.51,17,34,"Healthy Stock"
PROD0240,"PureForm Books Item 240",Books,702,0.64,22,34,"Healthy Stock"
PROD0265,"HomePro Home Item 265","Home & Kitchen",346,0.32,11,34,"Healthy Stock"
PROD0306,"ReadMore Home Item 306","Home & Kitchen",316,0.29,10,34,"Healthy Stock"
PROD0322,"FunZone Home Item 322","Home & Kitchen",446,0.41,14,34,"Healthy Stock"
PROD0368,"BoldEdge Clothing Item 368",Clothing,321,0.30,10,34,"Healthy Stock"
PROD0370,"GlowUp Sports Item 370","Sports & Outdoors",640,0.59,20,34,"Healthy Stock"
PROD0405,"CoreBrand Clothing Item 405",Clothing,377,0.35,12,34,"Healthy Stock"
PROD0421,"ClearView Home Item 421","Home & Kitchen",286,0.26,9,34,"Healthy Stock"
PROD0009,"ZenLife Sports Item 9","Sports & Outdoors",315,0.29,10,35,"Healthy Stock"
PROD0078,"StyleCo Beauty Item 78","Beauty & Health",337,0.31,11,35,"Healthy Stock"
PROD0227,"BoldEdge Beauty Item 227","Beauty & Health",392,0.37,13,35,"Healthy Stock"
PROD0307,"GlowUp Electronics Item 307",Electronics,406,0.37,13,35,"Healthy Stock"
PROD0335,"BoldEdge Electronics Item 335",Electronics,346,0.32,11,35,"Healthy Stock"
PROD0390,"NexGen Electronics Item 390",Electronics,368,0.34,12,35,"Healthy Stock"
PROD0395,"BoldEdge Sports Item 395","Sports & Outdoors",657,0.61,21,35,"Healthy Stock"
PROD0139,"ReadMore Home Item 139","Home & Kitchen",298,0.27,10,36,"Healthy Stock"
PROD0188,"ClearView Beauty Item 188","Beauty & Health",256,0.25,9,36,"Healthy Stock"
PROD0104,"ClearView Toys Item 104","Toys & Games",1113,1.03,38,37,"Healthy Stock"
PROD0121,"ZenLife Electronics Item 121",Electronics,376,0.35,13,37,"Healthy Stock"
PROD0123,"ClearView Beauty Item 123","Beauty & Health",323,0.30,11,37,"Healthy Stock"
PROD0152,"FunZone Toys Item 152","Toys & Games",318,0.30,11,37,"Healthy Stock"
PROD0261,"ZenLife Electronics Item 261",Electronics,617,0.57,21,37,"Healthy Stock"
PROD0355,"NovaTech Books Item 355",Books,233,0.22,8,37,"Healthy Stock"
PROD0381,"CoreBrand Electronics Item 381",Electronics,356,0.33,12,37,"Healthy Stock"
PROD0423,"BoldEdge Sports Item 423","Sports & Outdoors",370,0.35,13,37,"Healthy Stock"
PROD0431,"StyleCo Clothing Item 431",Clothing,296,0.27,10,37,"Healthy Stock"
PROD0476,"HomePro Sports Item 476","Sports & Outdoors",265,0.24,9,37,"Healthy Stock"
PROD0484,"FunZone Clothing Item 484",Clothing,701,0.64,24,37,"Healthy Stock"
PROD0031,"ZenLife Clothing Item 31",Clothing,730,0.67,25,38,"Healthy Stock"
PROD0033,"ActiveGear Books Item 33",Books,311,0.29,11,38,"Healthy Stock"
PROD0126,"HomePro Sports Item 126","Sports & Outdoors",490,0.45,17,38,"Healthy Stock"
PROD0213,"FunZone Books Item 213",Books,344,0.32,12,38,"Healthy Stock"
PROD0315,"StyleCo Home Item 315","Home & Kitchen",286,0.26,10,38,"Healthy Stock"
PROD0376,"PrimeLine Electronics Item 376",Electronics,284,0.26,10,38,"Healthy Stock"
PROD0454,"ZenLife Books Item 454",Books,925,0.85,32,38,"Healthy Stock"
PROD0473,"ClearView Electronics Item 473",Electronics,199,0.18,7,38,"Healthy Stock"
PROD0003,"GlowUp Home Item 3","Home & Kitchen",304,0.28,11,39,"Healthy Stock"
PROD0015,"ZenLife Electronics Item 15",Electronics,337,0.31,12,39,"Healthy Stock"
PROD0173,"HomePro Sports Item 173","Sports & Outdoors",732,0.67,26,39,"Healthy Stock"
PROD0404,"GlowUp Books Item 404",Books,304,0.28,11,39,"Healthy Stock"
PROD0052,"BoldEdge Sports Item 52","Sports & Outdoors",431,0.40,16,40,"Healthy Stock"
PROD0063,"BoldEdge Clothing Item 63",Clothing,302,0.28,11,40,"Healthy Stock"
PROD0141,"GlowUp Sports Item 141","Sports & Outdoors",379,0.35,14,40,"Healthy Stock"
PROD0280,"ReadMore Clothing Item 280",Clothing,545,0.50,20,40,"Healthy Stock"
PROD0013,"FunZone Clothing Item 13",Clothing,235,0.22,9,41,"Healthy Stock"
PROD0080,"GlowUp Home Item 80","Home & Kitchen",899,0.82,34,41,"Healthy Stock"
PROD0189,"GlowUp Beauty Item 189","Beauty & Health",486,0.44,18,41,"Healthy Stock"
PROD0225,"PrimeLine Home Item 225","Home & Kitchen",237,0.22,9,41,"Healthy Stock"
PROD0231,"StyleCo Electronics Item 231",Electronics,668,0.61,25,41,"Healthy Stock"
PROD0318,"StyleCo Electronics Item 318",Electronics,530,0.49,20,41,"Healthy Stock"
PROD0445,"BoldEdge Home Item 445","Home & Kitchen",473,0.44,18,41,"Healthy Stock"
PROD0021,"NexGen Sports Item 21","Sports & Outdoors",353,0.33,14,42,"Healthy Stock"
PROD0049,"ReadMore Toys Item 49","Toys & Games",262,0.24,10,42,"Healthy Stock"
PROD0096,"FunZone Books Item 96",Books,407,0.38,16,42,"Healthy Stock"
PROD0228,"ZenLife Home Item 228","Home & Kitchen",337,0.31,13,42,"Healthy Stock"
PROD0303,"GlowUp Electronics Item 303",Electronics,230,0.21,9,42,"Healthy Stock"
PROD0310,"PrimeLine Home Item 310","Home & Kitchen",336,0.31,13,42,"Healthy Stock"
PROD0331,"NexGen Clothing Item 331",Clothing,993,0.91,38,42,"Healthy Stock"
PROD0489,"StyleCo Toys Item 489","Toys & Games",259,0.24,10,42,"Healthy Stock"
PROD0072,"ClearView Sports Item 72","Sports & Outdoors",179,0.16,7,43,"Healthy Stock"
PROD0102,"NovaTech Sports Item 102","Sports & Outdoors",459,0.42,18,43,"Healthy Stock"
PROD0137,"NexGen Sports Item 137","Sports & Outdoors",277,0.25,11,43,"Healthy Stock"
PROD0427,"HomePro Home Item 427","Home & Kitchen",582,0.53,23,43,"Healthy Stock"
PROD0453,"ZenLife Clothing Item 453",Clothing,429,0.39,17,43,"Healthy Stock"
PROD0463,"NexGen Sports Item 463","Sports & Outdoors",407,0.37,16,43,"Healthy Stock"
PROD0023,"FunZone Clothing Item 23",Clothing,2765,2.52,111,44,"Healthy Stock"
PROD0075,"ReadMore Sports Item 75","Sports & Outdoors",763,0.70,31,44,"Healthy Stock"
PROD0156,"NovaTech Home Item 156","Home & Kitchen",295,0.27,12,44,"Healthy Stock"
PROD0168,"StyleCo Clothing Item 168",Clothing,352,0.32,14,44,"Healthy Stock"
PROD0206,"HomePro Clothing Item 206",Clothing,599,0.55,24,44,"Healthy Stock"
PROD0219,"ClearView Books Item 219",Books,565,0.53,23,44,"Healthy Stock"
PROD0256,"GlowUp Clothing Item 256",Clothing,389,0.36,16,44,"Healthy Stock"
PROD0300,"ClearView Electronics Item 300",Electronics,324,0.30,13,44,"Healthy Stock"
PROD0341,"FunZone Books Item 341",Books,245,0.23,10,44,"Healthy Stock"
PROD0388,"FunZone Books Item 388",Books,337,0.32,14,44,"Healthy Stock"
PROD0396,"PureForm Clothing Item 396",Clothing,1578,1.44,64,44,"Healthy Stock"
PROD0412,"GlowUp Beauty Item 412","Beauty & Health",393,0.37,16,44,"Healthy Stock"
PROD0435,"FunZone Clothing Item 435",Clothing,322,0.30,13,44,"Healthy Stock"
PROD0466,"PureForm Sports Item 466","Sports & Outdoors",345,0.32,14,44,"Healthy Stock"
PROD0012,"GlowUp Electronics Item 12",Electronics,775,0.73,33,45,"Healthy Stock"
PROD0098,"BoldEdge Home Item 98","Home & Kitchen",314,0.29,13,45,"Healthy Stock"
PROD0175,"StyleCo Toys Item 175","Toys & Games",1064,0.97,44,45,"Healthy Stock"
PROD0266,"StyleCo Home Item 266","Home & Kitchen",313,0.29,13,45,"Healthy Stock"
PROD0338,"NexGen Beauty Item 338","Beauty & Health",1053,0.96,43,45,"Healthy Stock"
PROD0392,"ReadMore Books Item 392",Books,338,0.31,14,45,"Healthy Stock"
PROD0069,"NexGen Clothing Item 69",Clothing,825,0.76,35,46,"Healthy Stock"
PROD0071,"NovaTech Electronics Item 71",Electronics,260,0.24,11,46,"Healthy Stock"
PROD0086,"ActiveGear Clothing Item 86",Clothing,255,0.24,11,46,"Healthy Stock"
PROD0120,"PureForm Home Item 120","Home & Kitchen",400,0.37,17,46,"Healthy Stock"
PROD0142,"HomePro Beauty Item 142","Beauty & Health",369,0.35,16,46,"Healthy Stock"
PROD0285,"ZenLife Clothing Item 285",Clothing,792,0.73,33,46,"Healthy Stock"
PROD0452,"FunZone Clothing Item 452",Clothing,1660,1.51,70,46,"Healthy Stock"
PROD0486,"ReadMore Toys Item 486","Toys & Games",1066,0.98,45,46,"Healthy Stock"
PROD0016,"NexGen Books Item 16",Books,181,0.17,8,47,"Healthy Stock"
PROD0050,"ReadMore Books Item 50",Books,345,0.32,15,47,"Healthy Stock"
PROD0066,"ZenLife Home Item 66","Home & Kitchen",414,0.38,18,47,"Healthy Stock"
PROD0272,"FunZone Sports Item 272","Sports & Outdoors",420,0.38,18,47,"Healthy Stock"
PROD0274,"ZenLife Beauty Item 274","Beauty & Health",277,0.26,12,47,"Healthy Stock"
PROD0286,"GlowUp Home Item 286","Home & Kitchen",1127,1.03,48,47,"Healthy Stock"
PROD0289,"ZenLife Home Item 289","Home & Kitchen",298,0.28,13,47,"Healthy Stock"
PROD0319,"ActiveGear Sports Item 319","Sports & Outdoors",288,0.27,13,47,"Healthy Stock"
PROD0330,"GlowUp Home Item 330","Home & Kitchen",277,0.26,12,47,"Healthy Stock"
PROD0371,"CoreBrand Home Item 371","Home & Kitchen",502,0.46,22,47,"Healthy Stock"
PROD0397,"ClearView Books Item 397",Books,372,0.34,16,47,"Healthy Stock"
PROD0433,"FunZone Books Item 433",Books,275,0.26,12,47,"Healthy Stock"
PROD0495,"NexGen Clothing Item 495",Clothing,316,0.30,14,47,"Healthy Stock"
PROD0054,"FunZone Clothing Item 54",Clothing,299,0.27,13,48,"Healthy Stock"
PROD0064,"HomePro Toys Item 64","Toys & Games",271,0.25,12,48,"Healthy Stock"
PROD0193,"CoreBrand Books Item 193",Books,293,0.27,13,48,"Healthy Stock"
PROD0244,"BoldEdge Books Item 244",Books,361,0.33,16,48,"Healthy Stock"
PROD0478,"ActiveGear Clothing Item 478",Clothing,268,0.25,12,48,"Healthy Stock"
PROD0130,"BoldEdge Clothing Item 130",Clothing,739,0.67,33,49,"Healthy Stock"
PROD0151,"BoldEdge Home Item 151","Home & Kitchen",533,0.49,24,49,"Healthy Stock"
PROD0205,"StyleCo Books Item 205",Books,292,0.27,13,49,"Healthy Stock"
PROD0215,"ActiveGear Sports Item 215","Sports & Outdoors",489,0.45,22,49,"Healthy Stock"
PROD0230,"GlowUp Home Item 230","Home & Kitchen",849,0.78,38,49,"Healthy Stock"
PROD0233,"ClearView Home Item 233","Home & Kitchen",286,0.26,13,49,"Healthy Stock"
PROD0242,"ZenLife Sports Item 242","Sports & Outdoors",334,0.30,15,49,"Healthy Stock"
PROD0359,"PrimeLine Sports Item 359","Sports & Outdoors",710,0.65,32,49,"Healthy Stock"
PROD0022,"ClearView Clothing Item 22",Clothing,386,0.36,18,50,"Healthy Stock"
PROD0133,"FunZone Home Item 133","Home & Kitchen",260,0.24,12,50,"Healthy Stock"
PROD0167,"BoldEdge Toys Item 167","Toys & Games",304,0.28,14,50,"Healthy Stock"
PROD0176,"PrimeLine Clothing Item 176",Clothing,213,0.20,10,50,"Healthy Stock"
PROD0204,"ZenLife Electronics Item 204",Electronics,303,0.28,14,50,"Healthy Stock"
PROD0218,"ActiveGear Beauty Item 218","Beauty & Health",483,0.44,22,50,"Healthy Stock"
PROD0273,"GlowUp Electronics Item 273",Electronics,284,0.26,13,50,"Healthy Stock"
PROD0317,"BoldEdge Clothing Item 317",Clothing,323,0.30,15,50,"Healthy Stock"
PROD0391,"HomePro Home Item 391","Home & Kitchen",367,0.34,17,50,"Healthy Stock"
PROD0446,"FunZone Clothing Item 446",Clothing,236,0.22,11,50,"Healthy Stock"
PROD0094,"NexGen Books Item 94",Books,340,0.31,16,51,"Healthy Stock"
PROD0108,"CoreBrand Home Item 108","Home & Kitchen",271,0.25,13,51,"Healthy Stock"
PROD0226,"StyleCo Sports Item 226","Sports & Outdoors",491,0.45,23,51,"Healthy Stock"
PROD0305,"ActiveGear Clothing Item 305",Clothing,449,0.41,21,51,"Healthy Stock"
PROD0362,"StyleCo Books Item 362",Books,318,0.29,15,51,"Healthy Stock"
PROD0067,"NovaTech Home Item 67","Home & Kitchen",397,0.37,19,52,"Healthy Stock"
PROD0099,"CoreBrand Beauty Item 99","Beauty & Health",370,0.35,18,52,"Healthy Stock"
PROD0224,"GlowUp Books Item 224",Books,358,0.33,17,52,"Healthy Stock"
PROD0234,"GlowUp Clothing Item 234",Clothing,273,0.25,13,52,"Healthy Stock"
PROD0248,"ActiveGear Home Item 248","Home & Kitchen",794,0.72,38,52,"Healthy Stock"
PROD0046,"PureForm Toys Item 46","Toys & Games",431,0.40,21,53,"Healthy Stock"
PROD0200,"CoreBrand Clothing Item 200",Clothing,463,0.43,23,53,"Healthy Stock"
PROD0238,"PureForm Clothing Item 238",Clothing,330,0.30,16,53,"Healthy Stock"
PROD0258,"NexGen Sports Item 258","Sports & Outdoors",309,0.29,15,53,"Healthy Stock"
PROD0291,"CoreBrand Home Item 291","Home & Kitchen",787,0.72,38,53,"Healthy Stock"
PROD0328,"StyleCo Home Item 328","Home & Kitchen",225,0.21,11,53,"Healthy Stock"
PROD0462,"HomePro Home Item 462","Home & Kitchen",268,0.24,13,53,"Healthy Stock"
PROD0001,"CoreBrand Books Item 1",Books,321,0.30,16,54,"Healthy Stock"
PROD0028,"GlowUp Home Item 28","Home & Kitchen",763,0.70,38,54,"Healthy Stock"
PROD0183,"ZenLife Clothing Item 183",Clothing,280,0.26,14,54,"Healthy Stock"
PROD0276,"ClearView Electronics Item 276",Electronics,2676,2.44,132,54,"Healthy Stock"
PROD0432,"ReadMore Home Item 432","Home & Kitchen",284,0.26,14,54,"Healthy Stock"
PROD0447,"ClearView Clothing Item 447",Clothing,528,0.48,26,54,"Healthy Stock"
PROD0455,"StyleCo Sports Item 455","Sports & Outdoors",241,0.22,12,54,"Healthy Stock"
PROD0014,"GlowUp Toys Item 14","Toys & Games",416,0.38,21,55,"Healthy Stock"
PROD0146,"HomePro Home Item 146","Home & Kitchen",448,0.42,23,55,"Healthy Stock"
PROD0160,"StyleCo Sports Item 160","Sports & Outdoors",476,0.44,24,55,"Healthy Stock"
PROD0162,"ActiveGear Clothing Item 162",Clothing,253,0.24,13,55,"Healthy Stock"
PROD0164,"ReadMore Home Item 164","Home & Kitchen",316,0.29,16,55,"Healthy Stock"
PROD0250,"ClearView Home Item 250","Home & Kitchen",532,0.49,27,55,"Healthy Stock"
PROD0339,"NovaTech Home Item 339","Home & Kitchen",435,0.40,22,55,"Healthy Stock"
PROD0223,"ReadMore Sports Item 223","Sports & Outdoors",483,0.44,25,56,"Healthy Stock"
PROD0384,"GlowUp Home Item 384","Home & Kitchen",312,0.28,16,56,"Healthy Stock"
PROD0411,"StyleCo Clothing Item 411",Clothing,247,0.23,13,56,"Healthy Stock"
PROD0093,"ReadMore Clothing Item 93",Clothing,326,0.30,17,57,"Healthy Stock"
PROD0187,"ClearView Clothing Item 187",Clothing,398,0.37,21,57,"Healthy Stock"
PROD0181,"NovaTech Books Item 181",Books,247,0.23,13,58,"Healthy Stock"
PROD0260,"NovaTech Electronics Item 260",Electronics,431,0.40,23,58,"Healthy Stock"
PROD0333,"PrimeLine Electronics Item 333",Electronics,338,0.31,18,58,"Healthy Stock"
PROD0334,"HomePro Sports Item 334","Sports & Outdoors",318,0.29,17,58,"Healthy Stock"
PROD0413,"ActiveGear Home Item 413","Home & Kitchen",311,0.29,17,58,"Healthy Stock"
PROD0439,"BoldEdge Clothing Item 439",Clothing,281,0.26,15,58,"Healthy Stock"
PROD0041,"NexGen Books Item 41",Books,304,0.29,17,59,"Healthy Stock"
PROD0115,"GlowUp Electronics Item 115",Electronics,1271,1.17,69,59,"Healthy Stock"
PROD0119,"BoldEdge Beauty Item 119","Beauty & Health",331,0.30,18,59,"Healthy Stock"
PROD0271,"PureForm Clothing Item 271",Clothing,238,0.22,13,59,"Healthy Stock"
PROD0325,"ReadMore Clothing Item 325",Clothing,273,0.26,15,59,"Healthy Stock"
PROD0356,"NexGen Electronics Item 356",Electronics,704,0.64,38,59,"Healthy Stock"
PROD0382,"StyleCo Clothing Item 382",Clothing,682,0.62,37,59,"Healthy Stock"
PROD0434,"BoldEdge Beauty Item 434","Beauty & Health",254,0.24,14,59,"Healthy Stock"
PROD0005,"HomePro Clothing Item 5",Clothing,379,0.35,21,60,"Healthy Stock"
PROD0010,"FunZone Sports Item 10","Sports & Outdoors",364,0.33,20,60,"Healthy Stock"
PROD0178,"ReadMore Clothing Item 178",Clothing,302,0.28,17,60,"Healthy Stock"
PROD0197,"StyleCo Electronics Item 197",Electronics,399,0.37,22,60,"Healthy Stock"
PROD0290,"BoldEdge Electronics Item 290",Electronics,401,0.37,22,60,"Healthy Stock"
PROD0332,"NovaTech Toys Item 332","Toys & Games",513,0.47,28,60,"Healthy Stock"
PROD0485,"NovaTech Books Item 485",Books,566,0.52,31,60,"Healthy Stock"
PROD0493,"PureForm Sports Item 493","Sports & Outdoors",400,0.37,22,60,"Healthy Stock"
PROD0020,"NovaTech Books Item 20",Books,249,0.23,14,61,"Healthy Stock"
PROD0128,"GlowUp Sports Item 128","Sports & Outdoors",428,0.40,24,61,"Healthy Stock"
PROD0212,"HomePro Home Item 212","Home & Kitchen",266,0.25,15,61,"Healthy Stock"
PROD0284,"HomePro Electronics Item 284",Electronics,412,0.38,23,61,"Healthy Stock"
PROD0385,"HomePro Home Item 385","Home & Kitchen",317,0.30,18,61,"Healthy Stock"
PROD0475,"ActiveGear Books Item 475",Books,347,0.33,20,61,"Healthy Stock"
PROD0062,"StyleCo Books Item 62",Books,247,0.23,14,62,"Healthy Stock"
PROD0079,"PrimeLine Beauty Item 79","Beauty & Health",327,0.31,19,62,"Healthy Stock"
PROD0103,"GlowUp Clothing Item 103",Clothing,868,0.79,49,62,"Healthy Stock"
PROD0132,"BoldEdge Sports Item 132","Sports & Outdoors",336,0.31,19,62,"Healthy Stock"
PROD0134,"PrimeLine Electronics Item 134",Electronics,386,0.35,22,62,"Healthy Stock"
PROD0343,"CoreBrand Clothing Item 343",Clothing,417,0.39,24,62,"Healthy Stock"
PROD0365,"BoldEdge Electronics Item 365",Electronics,672,0.61,38,62,"Healthy Stock"
PROD0458,"GlowUp Clothing Item 458",Clothing,262,0.24,15,62,"Healthy Stock"
PROD0214,"BoldEdge Toys Item 214","Toys & Games",538,0.49,31,63,"Healthy Stock"
PROD0297,"NovaTech Electronics Item 297",Electronics,344,0.32,20,63,"Healthy Stock"
PROD0367,"ZenLife Clothing Item 367",Clothing,255,0.24,15,63,"Healthy Stock"
PROD0378,"ReadMore Home Item 378","Home & Kitchen",291,0.27,17,63,"Healthy Stock"
PROD0483,"ZenLife Toys Item 483","Toys & Games",590,0.54,34,63,"Healthy Stock"
PROD0488,"BoldEdge Home Item 488","Home & Kitchen",314,0.29,18,63,"Healthy Stock"
PROD0082,"CoreBrand Clothing Item 82",Clothing,286,0.26,17,64,"Healthy Stock"
PROD0113,"BoldEdge Books Item 113",Books,253,0.23,15,64,"Healthy Stock"
PROD0186,"BoldEdge Home Item 186","Home & Kitchen",257,0.23,15,64,"Healthy Stock"
PROD0247,"ZenLife Home Item 247","Home & Kitchen",1474,1.35,86,64,"Healthy Stock"
PROD0311,"PrimeLine Home Item 311","Home & Kitchen",425,0.39,25,64,"Healthy Stock"
PROD0437,"ActiveGear Clothing Item 437",Clothing,363,0.34,22,64,"Healthy Stock"
PROD0456,"PureForm Electronics Item 456",Electronics,272,0.25,16,64,"Healthy Stock"
PROD0101,"ZenLife Electronics Item 101",Electronics,414,0.38,25,65,"Healthy Stock"
PROD0153,"GlowUp Sports Item 153","Sports & Outdoors",1324,1.21,78,65,"Healthy Stock"
PROD0239,"CoreBrand Clothing Item 239",Clothing,318,0.29,19,65,"Healthy Stock"
PROD0253,"BoldEdge Sports Item 253","Sports & Outdoors",403,0.37,24,65,"Healthy Stock"
PROD0294,"PureForm Sports Item 294","Sports & Outdoors",316,0.29,19,65,"Healthy Stock"
PROD0369,"ClearView Beauty Item 369","Beauty & Health",235,0.22,14,65,"Healthy Stock"
PROD0389,"NexGen Beauty Item 389","Beauty & Health",231,0.22,14,65,"Healthy Stock"
PROD0443,"CoreBrand Electronics Item 443",Electronics,297,0.28,18,65,"Healthy Stock"
PROD0469,"ClearView Clothing Item 469",Clothing,332,0.31,20,65,"Healthy Stock"
PROD0029,"PureForm Home Item 29","Home & Kitchen",449,0.41,27,66,"Healthy Stock"
PROD0037,"PureForm Beauty Item 37","Beauty & Health",367,0.33,22,66,"Healthy Stock"
PROD0076,"BoldEdge Sports Item 76","Sports & Outdoors",437,0.41,27,66,"Healthy Stock"
PROD0084,"ClearView Toys Item 84","Toys & Games",1012,0.93,61,66,"Healthy Stock"
PROD0169,"HomePro Electronics Item 169",Electronics,408,0.38,25,66,"Healthy Stock"
PROD0222,"CoreBrand Home Item 222","Home & Kitchen",476,0.44,29,66,"Healthy Stock"
PROD0350,"BoldEdge Sports Item 350","Sports & Outdoors",299,0.27,18,66,"Healthy Stock"
PROD0353,"ActiveGear Home Item 353","Home & Kitchen",1097,1.00,66,66,"Healthy Stock"
PROD0357,"GlowUp Beauty Item 357","Beauty & Health",366,0.33,22,66,"Healthy Stock"
PROD0399,"GlowUp Beauty Item 399","Beauty & Health",296,0.27,18,66,"Healthy Stock"
PROD0400,"FunZone Electronics Item 400",Electronics,331,0.30,20,66,"Healthy Stock"
PROD0464,"FunZone Home Item 464","Home & Kitchen",282,0.26,17,66,"Healthy Stock"
PROD0100,"BoldEdge Sports Item 100","Sports & Outdoors",254,0.24,16,67,"Healthy Stock"
PROD0221,"PureForm Sports Item 221","Sports & Outdoors",340,0.32,21,67,"Healthy Stock"
PROD0237,"HomePro Clothing Item 237",Clothing,411,0.38,25,67,"Healthy Stock"
PROD0299,"GlowUp Books Item 299",Books,356,0.33,22,67,"Healthy Stock"
PROD0320,"BoldEdge Home Item 320","Home & Kitchen",295,0.28,19,67,"Healthy Stock"
PROD0401,"ZenLife Beauty Item 401","Beauty & Health",302,0.28,19,67,"Healthy Stock"
PROD0424,"GlowUp Toys Item 424","Toys & Games",263,0.24,16,67,"Healthy Stock"
PROD0444,"GlowUp Home Item 444","Home & Kitchen",259,0.24,16,67,"Healthy Stock"
PROD0165,"GlowUp Beauty Item 165","Beauty & Health",238,0.22,15,68,"Healthy Stock"
PROD0194,"ZenLife Sports Item 194","Sports & Outdoors",379,0.36,24,68,"Healthy Stock"
PROD0199,"NexGen Electronics Item 199",Electronics,221,0.20,14,68,"Healthy Stock"
PROD0207,"BoldEdge Sports Item 207","Sports & Outdoors",402,0.37,25,68,"Healthy Stock"
PROD0282,"ActiveGear Clothing Item 282",Clothing,431,0.40,27,68,"Healthy Stock"
PROD0287,"BoldEdge Sports Item 287","Sports & Outdoors",287,0.26,18,68,"Healthy Stock"
PROD0288,"CoreBrand Toys Item 288","Toys & Games",240,0.22,15,68,"Healthy Stock"
PROD0337,"StyleCo Clothing Item 337",Clothing,255,0.24,16,68,"Healthy Stock"
PROD0159,"CoreBrand Sports Item 159","Sports & Outdoors",309,0.29,20,69,"Healthy Stock"
PROD0267,"FunZone Electronics Item 267",Electronics,269,0.25,17,69,"Healthy Stock"
PROD0314,"GlowUp Clothing Item 314",Clothing,591,0.54,37,69,"Healthy Stock"
PROD0386,"CoreBrand Electronics Item 386",Electronics,591,0.54,37,69,"Healthy Stock"
PROD0410,"ZenLife Clothing Item 410",Clothing,660,0.61,42,69,"Healthy Stock"
PROD0471,"ZenLife Sports Item 471","Sports & Outdoors",280,0.26,18,69,"Healthy Stock"
PROD0499,"BoldEdge Clothing Item 499",Clothing,486,0.45,31,69,"Healthy Stock"
PROD0047,"CoreBrand Sports Item 47","Sports & Outdoors",264,0.24,17,70,"Healthy Stock"
PROD0209,"ReadMore Electronics Item 209",Electronics,357,0.33,23,70,"Healthy Stock"
PROD0398,"PureForm Electronics Item 398",Electronics,440,0.40,28,70,"Healthy Stock"
PROD0403,"PrimeLine Home Item 403","Home & Kitchen",487,0.44,31,70,"Healthy Stock"
PROD0430,"NovaTech Toys Item 430","Toys & Games",299,0.27,19,70,"Healthy Stock"
PROD0441,"PrimeLine Electronics Item 441",Electronics,216,0.20,14,70,"Healthy Stock"
PROD0449,"ClearView Electronics Item 449",Electronics,280,0.26,18,70,"Healthy Stock"
PROD0026,"BoldEdge Clothing Item 26",Clothing,803,0.73,52,71,"Healthy Stock"
PROD0053,"CoreBrand Home Item 53","Home & Kitchen",254,0.24,17,71,"Healthy Stock"
PROD0090,"NexGen Sports Item 90","Sports & Outdoors",345,0.32,23,71,"Healthy Stock"
PROD0251,"GlowUp Books Item 251",Books,261,0.24,17,71,"Healthy Stock"
PROD0327,"ClearView Beauty Item 327","Beauty & Health",565,0.52,37,71,"Healthy Stock"
PROD0465,"HomePro Electronics Item 465",Electronics,316,0.29,21,71,"Healthy Stock"
PROD0017,"ReadMore Sports Item 17","Sports & Outdoors",862,0.79,57,72,"Healthy Stock"
PROD0030,"FunZone Beauty Item 30","Beauty & Health",434,0.40,29,72,"Healthy Stock"
PROD0088,"HomePro Beauty Item 88","Beauty & Health",503,0.46,33,72,"Healthy Stock"
PROD0144,"GlowUp Beauty Item 144","Beauty & Health",439,0.40,29,72,"Healthy Stock"
PROD0155,"ActiveGear Sports Item 155","Sports & Outdoors",319,0.29,21,72,"Healthy Stock"
PROD0482,"ActiveGear Home Item 482","Home & Kitchen",652,0.60,43,72,"Healthy Stock"
PROD0038,"CoreBrand Clothing Item 38",Clothing,462,0.43,31,73,"Healthy Stock"
PROD0136,"ClearView Toys Item 136","Toys & Games",315,0.29,21,73,"Healthy Stock"
PROD0140,"ZenLife Clothing Item 140",Clothing,463,0.43,31,73,"Healthy Stock"
PROD0149,"FunZone Sports Item 149","Sports & Outdoors",674,0.61,45,73,"Healthy Stock"
PROD0252,"BoldEdge Toys Item 252","Toys & Games",433,0.40,29,73,"Healthy Stock"
PROD0269,"StyleCo Beauty Item 269","Beauty & Health",492,0.45,33,73,"Healthy Stock"
PROD0349,"BoldEdge Toys Item 349","Toys & Games",481,0.44,32,73,"Healthy Stock"
PROD0055,"ZenLife Clothing Item 55",Clothing,6888,6.28,468,74,"Healthy Stock"
PROD0125,"CoreBrand Electronics Item 125",Electronics,695,0.64,47,74,"Healthy Stock"
PROD0129,"PureForm Electronics Item 129",Electronics,526,0.48,36,74,"Healthy Stock"
PROD0203,"ActiveGear Books Item 203",Books,691,0.63,47,74,"Healthy Stock"
PROD0296,"HomePro Sports Item 296","Sports & Outdoors",277,0.26,19,74,"Healthy Stock"
PROD0035,"ClearView Books Item 35",Books,829,0.76,57,75,"Healthy Stock"
PROD0111,"ActiveGear Books Item 111",Books,353,0.32,24,75,"Healthy Stock"
PROD0406,"GlowUp Clothing Item 406",Clothing,1013,0.92,69,75,"Healthy Stock"
